{
	"$schema": "https://schemas.wp.org/trunk/theme.json",
	"version": 3,
	"title": "Blue",
	"settings": {
		"color": {
			"palette": [
				{
					"name": "Brand",
					"slug": "primary",
					"color": "#465aff"
				},
				{
					"name": "Brand Accent",
					"slug": "primary-accent",
					"color": "#DBDDFF"
				},
				{
					"name": "Brand Alt",
					"slug": "primary-alt",
					"color": "#B1C2FF"
				},
				{
					"name": "Brand Alt Accent",
					"slug": "primary-alt-accent",
					"color": "#263042"
				},
				{
					"name": "Contrast",
					"slug": "main",
					"color": "#171A1F"
				},
				{
					"name": "Contrast Accent",
					"slug": "main-accent",
					"color": "#B6C7D9"
				},
				{
					"name": "Base",
					"slug": "base",
					"color": "#fff"
				},
				{
					"name": "Base Accent",
					"slug": "secondary",
					"color": "#3b5570"
				},
				{
					"name": "Tint",
					"slug": "tertiary",
					"color": "#F8F7F9"
				},
				{
					"name": "Border Base",
					"slug": "border-light",
					"color": "#DADEE3"
				},
				{
					"name": "Border Contrast",
					"slug": "border-dark",
					"color": "#444B57"
				}
			]
		}
	}
}
