{
	"version": 3,
	"$schema": "https://schemas.wp.org/wp/6.7/theme.json",
	"title": "Preset 5",
	"slug": "typography-preset-5",
	"styles": {
		"typography": {
			"fontFamily":"var(--wp--preset--font-family--source-serif)",
			"fontWeight": "400"
		},
		"elements": {
			"heading": {
				"typography": {
					"fontFamily": "var(--wp--preset--font-family--montagu-slab)",
					"letterSpacing": "-1px"
				}
			}
		}
	},
	"settings": {
		"typography": {
			"fontFamilies": [
				{
					"fontFamily": "Montagu Slab, serif",
					"name": "Montagu Slab",
					"slug": "montagu-slab",
					"fontFace": [
						{
							"fontDisplay": "block",
							"fontFamily": "Montagu Slab",
							"fontStyle": "normal",
							"fontWeight": "300 700",
							"src": [ "file:./assets/fonts/montagu-slab/MontaguSlab-VariableFont_opsz,wght.woff2"]
						}
					]
				},
				{
					"fontFamily": "'Source Serif 4'",
					"name": "Source Serif 4",
					"slug": "source-serif",
					"fontFace": [
						{
							"fontDisplay": "block",
							"fontFamily": "'Source Serif 4'",
							"fontStyle": "normal",
							"fontWeight": "300 900",
							"src": [ "file:./assets/fonts/source-serif/SourceSerif4-VariableFont_opsz,wght.woff2"]
						}
					]
				}
			]
		}
	}
}
