{
	"version": 3,
	"$schema": "https://schemas.wp.org/wp/6.7/theme.json",
	"title": "Preset 4",
	"slug": "typography-preset-4",
	"styles": {
		"typography": {
			"fontFamily":"var(--wp--preset--font-family--space-grotesk)",
			"fontWeight": "400"
		},
		"elements": {
			"heading": {
				"typography": {
					"fontFamily": "var(--wp--preset--font-family--space-grotesk)",
					"fontWeight": "700"
				}
			}
		}
	},
	"settings": {
		"typography": {
			"fontFamilies": [
				{
					"fontFamily": "Space Grotesk, sans-serif",
					"name": "Space Grotesk",
					"slug": "space-grotesk",
					"fontFace": [
						{
							"fontDisplay": "block",
							"fontFamily": "Space Grotesk",
							"fontStyle": "normal",
							"fontWeight": "300 900",
							"src": [ "file:./assets/fonts/space-grotesk/SpaceGrotesk-VariableFont_wght.woff2"]
						}
					]
				}
			]
		}
	}
}
