{
	"$schema": "https://schemas.wp.org/trunk/theme.json",
	"version": 3,
	"title": "Creator",
	"settings": {
		"color": {
			"palette": [
				{
					"name": "Brand",
					"slug": "primary",
					"color": "#5A20FF"
				},
				{
					"name": "Brand Accent",
					"slug": "primary-accent",
					"color": "#E2D8FF"
				},
				{
					"name": "Brand Alt",
					"slug": "primary-alt",
					"color": "#E3D0FF"
				},
				{
					"name": "Brand Alt Accent",
					"slug": "primary-alt-accent",
					"color": "#2E2738"
				},
				{
					"name": "Contrast",
					"slug": "main",
					"color": "#1E0E2E"
				},
				{
					"name": "Contrast Accent",
					"slug": "main-accent",
					"color": "#E6DBF2"
				},
				{
					"name": "Base",
					"slug": "base",
					"color": "#fff"
				},
				{
					"name": "Base Accent",
					"slug": "secondary",
					"color": "#695280"
				},
				{
					"name": "Tint",
					"slug": "tertiary",
					"color": "#F8F3FC"
				},
				{
					"name": "Border Base",
					"slug": "border-light",
					"color": "#E6D7F1"
				},
				{
					"name": "Border Contrast",
					"slug": "border-dark",
					"color": "#473856"
				}
			]
		}
	},
	"styles": {
		"elements": {
			"button": {
				"spacing": {
					"padding": {
						"top": ".6em",
						"right": "1.4em",
						"bottom": ".6em",
						"left": "1.4em"
					}
				}
			},
			"heading": {
				"typography": {
					"fontFamily": "var(--wp--preset--font-family--condensed)",
					"fontWeight": "700",
					"lineHeight": "var(--wp--custom--line-height--tight)",
					"fontSize": "var(--wp--preset--font-size--large)"
				}
			}
		}
	}
}
